sg,pl
time,times
year,years
people,peoples
way,ways
man,men
day,days
thing,things
child,children
government,governments
part,parts
life,lives
case,cases
woman,women
work,works
system,systems
group,groups
number,numbers
world,worlds
course,courses
company,companies
problem,problems
service,services
hand,hands
party,parties
school,schools
place,places
point,points
house,houses
country,countries
week,weeks
member,members
end,ends
word,words
example,examples
family,families
fact,facts
state,states
percent,percents
home,homes
month,months
side,sides
night,nights
head,heads
information,informations
question,questions
business,businesses
power,powers
change,changes
interest,interests
order,orders
book,books
development,developments
room,rooms
water,waters
form,forms
other,others
level,levels
policy,policies
council,councils
line,lines
need,needs
effect,effects
use,uses
idea,ideas
study,studies
lot,lots
job,jobs
name,names
result,results
body,bodies
friend,friends
right,rights
authority,authorities
view,views
report,reports
bit,bits
face,faces
market,markets
hour,hours
rate,rates
law,laws
door,doors
court,courts
office,offices
reason,reasons
minister,ministers
subject,subjects
term,terms
sort,sorts
period,periods
society,societies
process,processes
mother,mothers
voice,voices
police,police
kind,kinds
price,prices
action,actions
issue,issues
position,positions
cost,costs
matter,matters
community,communities
figure,figures
type,types
research,researches
education,educations
programme,programmes
minute,minutes
moment,moments
girl,girls
age,ages
centre,centres
control,controls
value,values
health,healths
decision,decisions
class,classes
industry,industries
back,backs
force,forces
condition,conditions
paper,papers
century,centuries
father,fathers
section,sections
patient,patients
activity,activities
road,roads
table,tables
church,churches
mind,minds
team,teams
experience,experiences
death,deaths
act,acts
sense,senses
student,students
language,languages
department,departments
management,managements
morning,mornings
plan,plans
product,products
city,cities
committee,committees
ground,grounds
letter,letters
evidence,evidences
foot,feet
boy,boys
game,games
food,foods
role,roles
practice,practices
bank,banks
support,supports
event,events
building,buildings
range,ranges
stage,stages
meeting,meetings
town,towns
art,arts
club,clubs
arm,arms
history,histories
parent,parents
land,lands
trade,trades
situation,situations
teacher,teachers
record,records
manager,managers
relation,relations
field,fields
window,windows
account,accounts
difference,differences
material,materials
air,airs
wife,wives
project,projects
sale,sales
relationship,relationships
light,lights
care,cares
rule,rules
story,stories
quality,qualities
worker,workers
nature,natures
structure,structures
pound,pounds
method,methods
unit,units
bed,beds
union,unions
movement,movements
board,boards
detail,details
model,models
wall,walls
computer,computers
hospital,hospitals
chapter,chapters
scheme,schemes
theory,theories
property,properties
officer,officers
charge,charges
director,directors
approach,approaches
chance,chances
application,applications
top,tops
amount,amounts
son,sons
operation,operations
opportunity,opportunities
leader,leaders
look,looks
share,shares
production,productions
firm,firms
picture,pictures
source,sources
security,securities
contract,contracts
agreement,agreements
site,sites
labour,labours
test,tests
loss,losses
colour,colours
shop,shops
benefit,benefits
animal,animals
heart,hearts
election,elections
purpose,purposes
standard,standards
secretary,secretaries
date,dates
music,musics
hair,hairs
factor,factors
pattern,patterns
piece,pieces
front,fronts
evening,evenings
tree,trees
population,populations
plant,plants
pressure,pressures
response,responses
street,streets
performance,performances
knowledge,knowledges
design,designs
page,pages
individual,individuals
rest,rests
basis,bases
size,sizes
environment,environments
fire,fires
success,successes
thought,thoughts
list,lists
future,futures
analysis,analyses
space,spaces
demand,demands
statement,statements
attention,attentions
love,loves
principle,principles
set,sets
doctor,doctors
choice,choices
feature,features
couple,couples
step,steps
machine,machines
income,incomes
training,trainings
association,associations
film,films
region,regions
effort,efforts
player,players
award,awards
village,villages
organisation,organisations
news,newses
difficulty,difficulties
cell,cells
energy,energies
degree,degrees
mile,miles
growth,growths
treatment,treatments
sound,sounds
task,tasks
provision,provisions
behaviour,behaviours
function,functions
resource,resources
defence,defences
garden,gardens
floor,floors
technology,technologies
style,styles
science,sciences
doubt,doubts
answer,answers
user,users
fund,funds
character,characters
risk,risks
dog,dogs
army,armies
station,stations
glass,glasses
cup,cups
husband,husbands
capital,capitals
note,notes
season,seasons
argument,arguments
show,shows
responsibility,responsibilities
deal,deals
economy,economies
element,elements
duty,duties
attempt,attempts
leg,legs
investment,investments
title,titles
hotel,hotels
aspect,aspects
increase,increases
help,helps
summer,summers
daughter,daughters
baby,babies
sea,seas
skill,skills
claim,claims
concern,concerns
university,universities
discussion,discussions
customer,customers
conference,conferences
whole,wholes
profit,profits
division,divisions
procedure,procedures
king,kings
image,images
oil,oils
circumstance,circumstances
proposal,proposals
client,clients
sector,sectors
direction,directions
instance,instances
sign,signs
measure,measures
attitude,attitudes
disease,diseases
commission,commissions
seat,seats
president,presidents
addition,additions
goal,goals
technique,techniques
respect,respects
item,items
version,versions
ability,abilities
good,goods
campaign,campaigns
advice,advices
institution,institutions
surface,surfaces
library,libraries
pupil,pupils
advantage,advantages
memory,memories
culture,cultures
blood,bloods
majority,majorities
variety,varieties
press,presses
bill,bills
competition,competitions
general,generals
access,accesses
extent,extents
employment,employments
present,presents
appeal,appeals
text,texts
parliament,parliaments
cause,causes
attack,attacks
mouth,mouths
visit,visits
trouble,troubles
payment,payments
post,posts
county,counties
lady,ladies
holiday,holidays
importance,importances
chair,chairs
facility,facilities
article,articles
object,objects
context,contexts
survey,surveys
turn,turns
collection,collections
reference,references
card,cards
television,televisions
communication,communications
agency,agencies
sun,suns
possibility,possibilities
official,officials
chairman,chairmen
speaker,speakers
career,careers
weight,weights
base,bases
document,documents
solution,solutions
return,returns
talk,talks
budget,budgets
river,rivers
organization,organizations
start,starts
requirement,requirements
edge,edges
opposition,oppositions
opinion,opinions
drug,drugs
quarter,quarters
option,options
call,calls
stock,stocks
influence,influences
occasion,occasions
software,softwares
exchange,exchanges
lack,lacks
concept,concepts
arrangement,arrangements
bird,birds
band,bands
finger,fingers
past,pasts
equipment,equipments
north,norths
move,moves
message,messages
afternoon,afternoons
race,races
strategy,strategies
scene,scenes
kitchen,kitchens
speech,speeches
network,networks
tea,teas
peace,peaces
failure,failures
employee,employees
scale,scales
shoulder,shoulders
railway,railways
supply,supplies
expression,expressions
owner,owners
corner,corners
match,matches
sport,sports
status,statuses
offer,offers
marriage,marriages
sentence,sentences
crime,crimes
ball,balls
wind,winds
truth,truths
safety,safeties
partner,partners
copy,copies
balance,balances
sister,sisters
reader,readers
trial,trials
rock,rocks
damage,damages
newspaper,newspapers
meaning,meanings
nation,nations
south,souths
length,lengths
branch,branches
planning,plannings
trust,trusts
pain,pains
studio,studios
spirit,spirits
college,colleges
accident,accidents
hope,hopes
league,leagues
cash,cashes
play,plays
strength,strengths
train,trains
target,targets
pair,pairs
contribution,contributions
artist,artists
agent,agents
presence,presences
contact,contacts
protection,protections
beginning,beginnings
executive,executives
speed,speeds
review,reviews
route,routes
consequence,consequences
telephone,telephones
proportion,proportions
consideration,considerations
reform,reforms
driver,drivers
distance,distances
exercise,exercises
skin,skins
island,islands
danger,dangers
credit,credits
candidate,candidates
track,tracks
assessment,assessments
path,paths
district,districts
reaction,reactions
impact,impacts
debate,debates
rise,rises
conclusion,conclusions
shape,shapes
vote,votes
aim,aims
file,files
earth,earths
public,publics
estate,estates
boat,boats
prison,prisons
wine,wines
writer,writers
weekend,weekends
sight,sights
video,videos
reality,realities
hall,halls
vehicle,vehicles
colleague,colleagues
lead,leads
farm,farms
employer,employers
understanding,understandings
connection,connections
comment,comments
phone,phones
hole,holes
insurance,insurances
content,contents
confidence,confidences
sample,samples
transport,transports
objective,objectives
flower,flowers
injury,injuries
battle,battles
generation,generations
winter,winters
will,wills
progress,progresses
volume,volumes
ship,ships
legislation,legislations
commitment,commitments
conflict,conflicts
bag,bags
entry,entries
smile,smiles
introduction,introductions
manner,manners
background,backgrounds
key,keys
cabinet,cabinets
painting,paintings
engine,engines
administration,administrations
adult,adults
author,authors
song,songs
investigation,investigations
debt,debts
visitor,visitors
forest,forests
wood,woods
contrast,contrasts
wage,wages
threat,threats
regulation,regulations
drink,drinks
run,runs
tradition,traditions
farmer,farmers
traffic,traffics
dinner,dinners
consumer,consumers
meal,meals
package,packages
half,halves
description,descriptions
stuff,stuffs
existence,existences
improvement,improvements
coffee,coffees
appearance,appearances
sheet,sheets
category,categories
distribution,distributions
session,sessions
loan,loans
museum,museums
conversation,conversations
link,links
victim,victims
audience,audiences
master,masters
lip,lips
exhibition,exhibitions
judge,judges
housing,housings
freedom,freedoms
gentleman,gentlemen
explanation,explanations
total,totals
construction,constructions
middle,middles
yard,yards
crisis,crises
west,wests
god,gods
favour,favours
capacity,capacities
flat,flats
selection,selections
football,footballs
victory,victories
factory,factories
examination,examinations
intention,intentions
egg,eggs
aircraft,aircraft
decade,decades
row,rows
search,searches
limit,limits
definition,definitions
unemployment,unemployments
mark,marks
flight,flights
output,outputs
tour,tours
address,addresses
reduction,reductions
interview,interviews
while,whiles
dream,dreams
challenge,challenges
notice,notices
rain,rains
mountain,mountains
concentration,concentrations
finance,finances
pension,pensions
murder,murders
neck,necks
weapon,weapons
offence,offences
absence,absences
error,errors
representative,representatives
enterprise,enterprises
criticism,criticisms
appointment,appointments
acid,acids
spring,springs
birth,births
ear,ears
module,modules
instruction,instructions
park,parks
weather,weathers
bottle,bottles
bedroom,bedrooms
kid,kids
pleasure,pleasures
assembly,assemblies
teaching,teachings
desire,desires
implication,implications
temperature,temperatures
wave,waves
magazine,magazines
store,stores
settlement,settlements
recognition,recognitions
touch,touches
silence,silences
expenditure,expenditures
institute,institutes
asset,assets
sum,sums
publication,publications
block,blocks
youth,youths
tape,tapes
cover,covers
fee,fees
program,programs
treaty,treaties
guest,guests
code,codes
hill,hills
screen,screens
household,households
sequence,sequences
phase,phases
crowd,crowds
metal,metals
human,humans
cut,cuts
sky,skies
brain,brains
expert,experts
experiment,experiments
initiative,initiatives
assumption,assumptions
photograph,photographs
ministry,ministries
congress,congresses
transfer,transfers
reading,readings
scientist,scientists
solicitor,solicitors
plate,plates
pool,pools
gold,golds
emphasis,emphases
location,locations
heat,heats
gun,guns
journey,journeys
violence,violences
noise,noises
lunch,lunches
fall,falls
bottom,bottoms
theme,themes
characteristic,characteristics
display,displays
combination,combinations
interpretation,interpretations
justice,justices
tooth,teeth
cat,cats
tool,tools
spot,spots
bridge,bridges
soldier,soldiers
breath,breaths
nurse,nurses
coal,coals
priority,priorities
revenue,revenues
membership,memberships
grant,grants
faith,faiths
troop,troops
motion,motions
component,components
literature,literatures
variation,variations
alternative,alternatives
mass,masses
chemical,chemicals
instrument,instruments
guide,guides
pocket,pockets
suggestion,suggestions
tone,tones
wing,wings
surprise,surprises
male,males
ring,rings
pub,pubs
fruit,fruits
passage,passages
pay,pays
foundation,foundations
restaurant,restaurants
map,maps
device,devices
east,easts
advance,advances
motor,motors
hell,hells
winner,winners
mistake,mistakes
incident,incidents
representation,representations
release,releases
border,borders
prospect,prospects
trip,trips
observation,observations
gate,gates
circle,circles
creation,creations
drawing,drawings
flow,flows
request,requests
impression,impressions
neighbour,neighbours
theatre,theatres
mechanism,mechanisms
potential,potentials
defendant,defendants
atmosphere,atmospheres
chain,chains
enemy,enemies
desk,desks
engineering,engineerings
panel,panels
distinction,distinctions
deputy,deputies
discipline,disciplines
strike,strikes
establishment,establishments
fashion,fashions
roof,roofs
milk,milks
tear,tears
finding,findings
welfare,welfares
leadership,leaderships
walk,walks
negotiation,negotiations
religion,religions
fuel,fuels
mine,mines
servant,servants
liability,liabilities
expense,expenses
soil,soils
writing,writings
nose,noses
origin,origins
lord,lords
drive,drives
ticket,tickets
editor,editors
significance,significances
channel,channels
convention,conventions
bone,bones
vision,visions
trend,trends
revolution,revolutions
knee,knees
dress,dresses
signal,signals
notion,notions
comparison,comparisons
outcome,outcomes
lawyer,lawyers
achievement,achievements
expectation,expectations
prisoner,prisoners
citizen,citizens
plastic,plastics
plane,planes
height,heights
opening,openings
lesson,lessons
shock,shocks
tenant,tenants
root,roots
independence,independences
column,columns
proceeding,proceedings
female,females
beauty,beauties
struggle,struggles
gap,gaps
database,databases
stress,stresses
passenger,passengers
boundary,boundaries
manufacturer,manufacturers
formation,formations
queen,queens
waste,wastes
politician,politicians
territory,territories
championship,championships
exception,exceptions
inquiry,inquiries
topic,topics
resident,residents
transaction,transactions
parish,parishes
supporter,supporters
inflation,inflations
assistance,assistances
identity,identities
preparation,preparations
cancer,cancers
champion,champions
licence,licences
breakfast,breakfasts
minority,minorities
fan,fans
chief,chiefs
accommodation,accommodations
democracy,democracies
taste,tastes
crown,crowns
buyer,buyers
gift,gifts
resolution,resolutions
metre,metres
wheel,wheels
clause,clauses
break,breaks
tank,tanks
complaint,complaints
inch,inches
quantity,quantities
coat,coats
involvement,involvements
tension,tensions
diet,diets
prize,prizes
frame,frames
extension,extensions
spokesman,spokesmen
regime,regimes
fault,faults
dispute,disputes
grass,grasses
decline,declines
delivery,deliveries
conservative,conservatives
port,ports
beach,beaches
string,strings
depth,depths
travel,travels
pilot,pilots
obligation,obligations
gene,genes
republic,republics
shadow,shadows
average,averages
phrase,phrases
crew,crews
coast,coasts
engineer,engineers
charity,charities
warning,warnings
framework,frameworks
approval,approvals
novel,novels
currency,currencies
protein,proteins
behalf,behalves
councillor,councillors
setting,settings
command,commands
maintenance,maintenances
stair,stairs
poem,poems
chest,chests
secret,secrets
restriction,restrictions
hat,hats
mode,modes
saving,savings
camp,camps
export,exports
partnership,partnerships
profession,professions
load,loads
countryside,countrysides
boot,boots
reputation,reputations
recommendation,recommendations
autumn,autumns
poll,polls
recovery,recoveries
premise,premises
plaintiff,plaintiffs
critic,critics
agriculture,agricultures
ice,ices
constitution,constitutions
communist,communists
layer,layers
recession,recessions
suit,suits
arrival,arrivals
protest,protests
resistance,resistances
presentation,presentations
soul,souls
self,selves
judgment,judgments
muscle,muscles
shareholder,shareholders
pollution,pollutions
wealth,wealths
kingdom,kingdoms
bread,breads
perspective,perspectives
prince,princes
illness,illnesses
cake,cakes
meat,meats
penalty,penalties
beer,beers
electricity,electricities
bond,bonds
laboratory,laboratories
captain,captains
boss,bosses
creature,creatures
being,beings
lifespan,lifespans
valley,valleys
guard,guards
emergency,emergencies
dark,darks
bomb,bombs
dollar,dollars
efficiency,efficiencies
mood,moods
possession,possessions
marketing,marketings
habit,habits
round,rounds
purchase,purchases
expansion,expansions
angle,angles
ratio,ratios
sleep,sleeps
wedding,weddings
personality,personalities
bishop,bishops
landscape,landscapes
mirror,mirrors
symptom,symptoms
promotion,promotions
tendency,tendencies
conservation,conservations
reply,replies
estimate,estimates
qualification,qualifications
governor,governors
cycle,cycles
philosophy,philosophies
gallery,galleries
intervention,interventions
advertising,advertisings
regard,regards
cigarette,cigarettes
variable,variables
net,nets
sugar,sugars
frequency,frequencies
guy,guys
furniture,furnitures
input,inputs
jacket,jackets
actor,actors
producer,producers
hearing,hearings
chip,chips
equation,equations
certificate,certificates
alliance,alliances
awareness,awarenesses
throat,throats
discovery,discoveries
festival,festivals
dance,dances
promise,promises
rose,roses
coach,coaches
drama,dramas
recording,recordings
bath,baths
substance,substances
investor,investors
rank,ranks
rent,rents
dealer,dealers
cloud,clouds
enquiry,enquiries
fight,fights
abuse,abuses
golf,golfs
guitar,guitars
cottage,cottages
scope,scopes
mixture,mixtures
emotion,emotions
shirt,shirts
allowance,allowances
retirement,retirements
breach,breaches
infection,infections
paragraph,paragraphs
researcher,researchers
consent,consents
lake,lakes
entrance,entrances
peak,peaks
sand,sands
cold,colds
cheek,cheeks
platform,platforms
interaction,interactions
watch,watches
birthday,birthdays
knife,knives
core,cores
peasant,peasants
permission,permissions
personnel,personnels
judgement,judgements
stream,streams
perception,perceptions
disaster,disasters
darkness,darknesses
sake,sakes
tourist,tourists
policeman,policemen
castle,castles
demonstration,demonstrations
anger,angers
clock,clocks
custom,customs
wish,wishes
priest,priests
chamber,chambers
acquisition,acquisitions
circuit,circuits
consumption,consumptions
hold,holds
zone,zones
honour,honours
square,squares
disk,disks
survival,survivals
tower,towers
deposit,deposits
pace,paces
compensation,compensations
adviser,advisers
consultant,consultants
landlord,landlords
delay,delays
green,greens
holder,holders
edition,editions
occupation,occupations
intelligence,intelligences
empire,empires
host,hosts
relative,relatives
fellow,fellows
poet,poets
journalist,journalists
defeat,defeats
indication,indications
cricket,crickets
routine,routines
print,prints
anxiety,anxieties
witness,witnesses
curtain,curtains
mission,missions
supplier,suppliers
poverty,poverties
snow,snows
prayer,prayers
pipe,pipes
shift,shifts
carpet,carpets
ownership,ownerships
joke,jokes
workshop,workshops
salt,salts
symbol,symbols
cross,crosses
tale,tales
preference,preferences
gain,gains
remark,remarks
province,provinces
steel,steels
dose,doses
alcohol,alcohols
guidance,guidances
climate,climates
tail,tails
sheep,sheep
medicine,medicines
smell,smells
operator,operators
measurement,measurements
architecture,architectures
worth,worths
tie,ties
barrier,barriers
practitioner,practitioners
enthusiasm,enthusiasms
implementation,implementations
pitch,pitches
drop,drops
lane,lanes
apple,apples
catalogue,catalogues
tip,tips
publisher,publishers
opponent,opponents
burden,burdens
historian,historians
stomach,stomachs
percentage,percentages
evaluation,evaluations
talent,talents
silver,silvers
pack,packs
fun,funs
democrat,democrats
fortune,fortunes
storage,storages
professional,professionals
reserve,reserves
dimension,dimensions
confusion,confusions
satisfaction,satisfactions
vessel,vessels
stand,stands
curve,curves
pot,pots
replacement,replacements
mortgage,mortgages
salary,salaries
proof,proofs
dish,dishes
favourite,favourites
luck,lucks
count,counts
determination,determinations
consultation,consultations
conduct,conducts
cheque,cheques
merchant,merchants
lecture,lectures
leisure,leisures
check,checks
cheese,cheeses
lift,lifts
fabric,fabrics
lover,lovers
childhood,childhoods
mouse,mice
strain,strains
participant,participants
smoke,smokes
movie,movies
seed,seeds
journal,journals
shopping,shoppings
equivalent,equivalents
palace,palaces
poetry,poetries
spite,spites
conviction,convictions
corridor,corridors
ward,wards
profile,profiles
comfort,comforts
bathroom,bathrooms
shell,shells
reward,rewards
vegetable,vegetables
imagination,imaginations
mystery,mysteries
march,marches
surgery,surgeries
announcement,announcements
draft,drafts
unity,unities
airport,airports
admission,admissions
tissue,tissues
magistrate,magistrates
joy,joys
classroom,classrooms
turnover,turnovers
limitation,limitations
specialist,specialists
tongue,tongues
refugee,refugees
composition,compositions
ceiling,ceilings
stick,sticks
universe,universes
label,labels
acceptance,acceptances
detective,detectives
designer,designers
summit,summits
participation,participations
weakness,weaknesses
excitement,excitements
brick,bricks
wire,wires
crop,crops
transition,transitions
roll,rolls
stop,stops
assistant,assistants
constituency,constituencies
concert,concerts
breast,breasts
squad,squads
wonder,wonders
cream,creams
tennis,tennises
pride,prides
bowl,bowls
expertise,expertises
leather,leathers
observer,observers
margin,margins
uncertainty,uncertainties
ideal,ideals
holding,holdings
dust,dusts
trouser,trousers
register,registers
guideline,guidelines
amendment,amendments
architect,architects
objection,objections
chart,charts
consciousness,consciousnesses
tin,tins
tube,tubes
coin,coins
grammar,grammars
diary,diaries
flesh,fleshes
summary,summaries
infant,infants
storm,storms
rugby,rugbies
virtue,virtues
specimen,specimens
psychology,psychologies
paint,paints
constraint,constraints
privilege,privileges
completion,completions
grade,grades
import,imports
potato,potatoes
repair,repairs
passion,passions
heaven,heavens
nerve,nerves
win,wins
printer,printers
coalition,coalitions
venture,ventures
timber,timbers
companion,companions
horror,horrors
gesture,gestures
van,vans
glance,glances
jury,juries
charter,charters
feminist,feminists
discourse,discourses
reflection,reflections
carbon,carbons
taxation,taxations
prosecution,prosecutions
publicity,publicities
departure,departures
reception,receptions
cousin,cousins
vat,vats
blue,blues
pass,passes
evolution,evolutions
ideology,ideologies
agenda,agendas
chicken,chickens
innovation,innovations
opera,operas
lock,locks
shelf,shelves
pole,poles
punishment,punishments
inside,insides
carriage,carriages
conversion,conversions
essay,essays
integration,integrations
resignation,resignations
treasury,treasuries
traveller,travellers
chocolate,chocolates
assault,assaults
schedule,schedules
twin,twins
format,formats
seller,sellers
lease,leases
ally,allies
stake,stakes
cap,caps
sympathy,sympathies
tunnel,tunnels
pen,pens
blow,blows
attraction,attractions
disc,discs
machinery,machineries
inspector,inspectors
purchaser,purchasers
resort,resorts
pop,pops
organ,organs
friendship,friendships
deficit,deficits
dear,dears
planet,planets
grain,grains
particle,particles
destruction,destructions
pit,pits
registration,registrations
conception,conceptions
rival,rivals
steam,steams
chancellor,chancellors
belt,belts
logic,logics
alarm,alarms
incentive,incentives
bench,benches
ambition,ambitions
fate,fates
vendor,vendors
stranger,strangers
fibre,fibres
black,blacks
petrol,petrols
maker,makers
allocation,allocations
depression,depressions
declaration,declarations
dividend,dividends
pile,piles
identification,identifications
directive,directives
mortality,mortalities
silk,silks
funeral,funerals
inspection,inspections
calculation,calculations
rubbish,rubbishes
youngster,youngsters
slope,slopes
patch,patches
invitation,invitations
federation,federations
duke,dukes
closure,closures
dictionary,dictionaries
withdrawal,withdrawals
cry,cries
borough,boroughs
suspicion,suspicions
portrait,portraits
fragment,fragments
competitor,competitors
clinic,clinics
complexity,complexities
remedy,remedies
fence,fences
bike,bikes
interior,interiors
voter,voters
garage,garages
era,eras
plot,plots
lie,lies
disorder,disorders
excuse,excuses
harm,harms
excess,excesses
accountant,accountants
fat,fats
volunteer,volunteers
laughter,laughters
trick,tricks
disposal,disposals
tonne,tonnes
clerk,clerks
applicant,applicants
removal,removals
processor,processors
professor,professors
delight,delights
mate,mates
exposure,exposures
server,servers
rope,ropes
miner,miners
entertainment,entertainments
acre,acres
pig,pigs
guarantee,guarantees
gear,gears
anniversary,anniversaries
ceremony,ceremonies
monopoly,monopolies
left,lefts
discount,discounts
uncle,uncles
audit,audits
advertisement,advertisements
explosion,explosions
tribunal,tribunals
rat,rats
cloth,cloths
cable,cables
crash,crashes
flame,flames
controversy,controversies
allegation,allegations
strip,strips
stability,stabilities
tide,tides
illustration,illustrations
insect,insects
correspondent,correspondents
adjustment,adjustments
escape,escapes
interface,interfaces
collapse,collapses
temple,temples
shade,shades
craft,crafts
nursery,nurseries
piano,pianos
assurance,assurances
jurisdiction,jurisdictions
bay,bays
specification,specifications
disability,disabilities
arrest,arrests
switch,switches
celebration,celebrations
colony,colonies
wound,wounds
hardware,hardwares
satellite,satellites
bible,bibles
cathedral,cathedrals
motive,motives
raid,raids
invasion,invasions
humour,humours
bulk,bulks
rhythm,rhythms
emission,emissions
transformation,transformations
battery,batteries
stimulus,stimuli
white,whites
menu,menus
toilet,toilets
butter,butters
needle,needles
effectiveness,effectivenesses
accordance,accordances
molecule,molecules
fiction,fictions
learning,learnings
statute,statutes
junction,junctions
necessity,necessities
lorry,lorries
warmth,warmths
therapy,therapies
cinema,cinemas
domain,domains
tournament,tournaments
doctrine,doctrines
proposition,propositions
grip,grips
widow,widows
discrimination,discriminations
fit,fits
myth,myths
episode,episodes
terrace,terraces
insight,insights
tragedy,tragedies
leaflet,leaflets
pond,ponds
adventure,adventures
rebel,rebels
equity,equities
loyalty,loyalties
airline,airlines
shore,shores
restoration,restorations
mess,messes
commander,commanders
singer,singers
successor,successors
triumph,triumphs
heading,headings
laugh,laughs
clue,clues
ease,eases
trustee,trustees
photo,photos
fraction,fractions
mud,muds
pensioner,pensioners
coverage,coverages
wildlife,wildlifes
indicator,indicators
hierarchy,hierarchies
creditor,creditors
capitalist,capitalists
essence,essences
gaze,gazes
seminar,seminars
fig,figs
continent,continents
chap,chaps
flexibility,flexibilities
verse,verses
whisky,whiskies
launch,launches
cupboard,cupboards
bush,bushes
shortage,shortages
merger,mergers
gang,gangs
lifetime,lifetimes
elite,elites
refusal,refusals
finish,finishes
landing,landings
separation,separations
productivity,productivities
probability,probabilities
virus,viruses
reporter,reporters
fool,fools
capitalism,capitalisms
rumour,rumours
justification,justifications
availability,availabilities
ocean,oceans
cliff,cliffs
sociology,sociologies
missile,missiles
apartment,apartments
angel,angels
shame,shames
discretion,discretions
businessman,businessmen
uniform,uniforms
push,pushes
counter,counters
clothing,clothings
ride,rides
attendance,attendances
trace,traces
backing,backings
sensation,sensations
carrier,carriers
classification,classifications
classic,classics
doorway,doorways
density,densities
hint,hints
shower,showers
current,currents
succession,successions
duration,durations
desert,deserts
receipt,receipts
chapel,chapels
fleet,fleets
oxygen,oxygens
installation,installations
developer,developers
disadvantage,disadvantages
recipe,recipes
crystal,crystals
modification,modifications
midnight,midnights
truck,trucks
stroke,strokes
kiss,kisses
envelope,envelopes
speculation,speculations
canal,canals
unionist,unionists
directory,directories
receiver,receivers
isolation,isolations
chemistry,chemistries
hit,hits
defender,defenders
stance,stances
sin,sins
socialist,socialists
subsidy,subsidies
toy,toys
darling,darlings
liberty,liberties
skirt,skirts
tactic,tactics
accent,accents
compound,compounds
bastard,bastards
ingredient,ingredients
scholar,scholars
ghost,ghosts
sculpture,sculptures
diagnosis,diagnoses
delegate,delegates
kit,kits
lion,lions
dialogue,dialogues
tray,trays
fantasy,fantasies
leave,leaves
lamp,lamps
pavement,pavements
brand,brands
constable,constables
compromise,compromises
flag,flags
filter,filters
reign,reigns
pity,pities
merit,merits
diagram,diagrams
wool,wools
organism,organisms
undertaking,undertakings
reach,reaches
entity,entities
rape,rapes
portfolio,portfolios
consensus,consensuses
thesis,theses
nest,nests
builder,builders
lung,lungs
delegation,delegations
outside,outsides
heating,heatings
instinct,instincts
teenager,teenagers
residence,residences
radiation,radiations
concession,concessions
autonomy,autonomies
norm,norms
musician,musicians
graduate,graduates
glory,glories
capability,capabilities
worry,worries
liberation,liberations
heel,heels
single,singles
stretch,stretches
pregnancy,pregnancies
suicide,suicides
panic,panics
giant,giants
sphere,spheres
sword,swords
bean,beans
primary,primaries
tutor,tutors
tune,tunes
debut,debuts
incidence,incidences
killer,killers
subsidiary,subsidiaries
gender,genders
breed,breeds
pint,pints
translation,translations
princess,princesses
jet,jets
grave,graves
correlation,correlations
outline,outlines
packet,packets
motivation,motivations
spell,spells
spread,spreads
draw,draws
redundancy,redundancies
intensity,intensities
crack,cracks
fly,flies
scandal,scandals
parameter,parameters
engagement,engagements
contest,contests
courage,courages
hip,hips
carer,carers
trainer,trainers
remainder,remainders
assignment,assignments
working,workings
rider,riders
clay,clays
terminal,terminals
accuracy,accuracies
coup,coups
ambulance,ambulances
living,livings
offender,offenders
similarity,similarities
orchestra,orchestras
brush,brushes
striker,strikers
casualty,casualties
painter,painters
banking,bankings
sensitivity,sensitivities
navy,navies
disappointment,disappointments
auditor,auditors
hostility,hostilities
spending,spendings
photographer,photographers
neighbourhood,neighbourhoods
pardon,pardons
double,doubles
supervision,supervisions
guilt,guilts
deck,decks
execution,executions
suite,suites
collector,collectors
questionnaire,questionnaires
flavour,flavours
faculty,faculties
basket,baskets
mention,mentions
kick,kicks
horizon,horizons
happiness,happinesses
fighter,fighters
copper,coppers
legend,legends
relevance,relevances
divorce,divorces
trader,traders
can,cans
juice,juices
nightmare,nightmares
medal,medals
diamond,diamonds
monster,monsters
nonsense,nonsenses
chaos,chaoses
humanity,humanities
frustration,frustrations
chin,chins
polytechnic,polytechnics
inhabitant,inhabitants
slave,slaves
reservation,reservations
handle,handles
fishing,fishings
yield,yields
elbow,elbows
sleeve,sleeves
exploration,explorations
theft,thefts
grace,graces
predecessor,predecessors
supermarket,supermarkets
sergeant,sergeants
clash,clashes
arrow,arrows
waiting,waitings
tap,taps
shit,shits
sandwich,sandwiches
commerce,commerces
pursuit,pursuits
collar,collars
socialism,socialisms
rice,rices
exclusion,exclusions
transmission,transmissions
fist,fists
drawer,drawers
dismissal,dismissals
magic,magics
affection,affections
dawn,dawns
principal,principals
bloke,blokes
trap,traps
competence,competences
commonwealth,commonwealths
breakdown,breakdowns
candle,candles
venue,venues
supper,suppers
analyst,analysts
pause,pauses
counterpart,counterparts
script,scripts
geography,geographies
lamb,lambs
terror,terrors
stable,stables
founder,founders
utility,utilities
shelter,shelters
poster,posters
cooking,cookings
miracle,miracles
jaw,jaws
pan,pans
tent,tents
tumour,tumours
funding,fundings
stitch,stitches
ladder,ladders
keeper,keepers
shield,shields
surgeon,surgeons
orange,oranges
comedy,comedies
ruler,rulers
workstation,workstations
prey,preys
manual,manuals
cure,cures
overall,overalls
pope,popes
rush,rushes
blanket,blankets
republican,republicans
palm,palms
mix,mixes
devil,devils
adoption,adoptions
workforce,workforces
segment,segments
contractor,contractors
portion,portions
cook,cooks
prediction,predictions
oven,ovens
liver,livers
fraud,frauds
beam,beams
signature,signatures
limb,limbs
verdict,verdicts
container,containers
aunt,aunts
dock,docks
submission,submissions
odd,odds
certainty,certainties
electron,electrons
drum,drums
wisdom,wisdoms
antibody,antibodies
terrorist,terrorists
circulation,circulations
alteration,alterations
fluid,fluids
riot,riots
petition,petitions
fox,foxes
recruitment,recruitments
memorial,memorials
helicopter,helicopters
correspondence,correspondences
lighting,lightings
harbour,harbours
constituent,constituents
exam,exams
toe,toes
bureaucracy,bureaucracies
wrist,wrists
nut,nuts
plain,plains
evil,evils
hazard,hazards
dealing,dealings
inn,inns
initial,initials
suspension,suspensions
respondent,respondents
over,overs
log,logs
fitness,fitnesses
tile,tiles
economist,economists
vein,veins
strand,strands
disturbance,disturbances
cab,cabs
grandfather,grandfathers
destination,destinations
regiment,regiments
boom,booms
encouragement,encouragements
flood,floods
defect,defects
surplus,surpluses
champagne,champagnes
liquid,liquids
welcome,welcomes
rejection,rejections
administrator,administrators
contradiction,contradictions
nail,nails
senior,seniors
lap,laps
commodity,commodities
intellectual,intellectuals
imprisonment,imprisonments
atom,atoms
sanction,sanctions
surrounding,surroundings
soup,soups
encounter,encounters
abortion,abortions
custody,custodies
composer,composers
charm,charms
waist,waists
equality,equalities
tribute,tributes
bearing,bearings
auction,auctions
standing,standings
manufacture,manufactures
horn,horns
barn,barns
mayor,mayors
emperor,emperors
rescue,rescues
conscience,consciences
grandmother,grandmothers
takeover,takeovers
nationalist,nationalists
dolphin,dolphins
fortnight,fortnights
elephant,elephants
plea,pleas
breeze,breezes
prevention,preventions
mineral,minerals
runner,runners
integrity,integrities
owl,owls
hedge,hedges
thief,thieves
tomato,tomatoes
eagle,eagles
blade,blades
killing,killings
desktop,desktops
bowel,bowels
expedition,expeditions
saint,saints
stamp,stamps
slide,slides
faction,factions
brass,brasses
inequality,inequalities
saying,sayings
ridge,ridges
earl,earls
yacht,yachts
valuation,valuations
beat,beats
worship,worships
fossil,fossils
taxpayer,taxpayers
corruption,corruptions
pencil,pencils
stem,stems
lump,lumps
mobility,mobilities
goodness,goodnesses
graph,graphs
referee,referees
cave,caves
revelation,revelations
meantime,meantimes
barrel,barrels
lawn,lawns
hut,huts
swing,swings
slice,slices
thigh,thighs
discharge,discharges
cluster,clusters
obstacle,obstacles
motorway,motorways
heritage,heritages
breeding,breedings
bucket,buckets
migration,migrations
ritual,rituals
hunting,huntings
protocol,protocols
prejudice,prejudices
inspiration,inspirations
dioxide,dioxides
parallel,parallels
outlet,outlets
collaboration,collaborations
booking,bookings
tourism,tourisms
diversity,diversities
supplement,supplements
forecast,forecasts
soap,soaps
ruling,rulings
interference,interferences
mining,minings
try,tries
quota,quotas
kilometre,kilometres
pet,pets
covenant,covenants
trophy,trophies
verb,verbs
extract,extracts
straw,straws
eyebrow,eyebrows
mask,masks
lecturer,lecturers
girlfriend,girlfriends
forehead,foreheads
timetable,timetables
farming,farmings
lid,lids
librarian,librarians
injection,injections
sexuality,sexualities
bonus,bonuses
thumb,thumbs
ankle,ankles
psychologist,psychologists
occurrence,occurrences
tribe,tribes
validity,validities
marble,marbles
bow,bows
maturity,maturities
clergy,clergies
decoration,decorations
well,wells
embarrassment,embarrassments
sauce,sauces
banker,bankers
popularity,popularities
continuity,continuities
bunch,bunches
hook,hooks
wicket,wickets
ballet,ballets
heir,heirs
dancer,dancers
trail,trails
caution,cautions
donation,donations
tyre,tyres
sufferer,sufferers
restraint,restraints
gardener,gardeners
dilemma,dilemmas
configuration,configurations
misery,miseries
appreciation,appreciations
radical,radicals
lounge,lounges
dwelling,dwellings
outsider,outsiders
manuscript,manuscripts
telecommunication,telecommunications
calendar,calendars
basin,basins
pulse,pulses
predator,predators
width,widths
spine,spines
stall,stalls
lifestyle,lifestyles
headline,headlines
statue,statues
exploitation,exploitations
utterance,utterances
revision,revisions
distress,distresses
steward,stewards
knight,knights
learner,learners
dignity,dignities
senate,senates
fitting,fittings
commentator,commentators
handicap,handicaps
towel,towels
stay,stays
pin,pins
frontier,frontiers
enforcement,enforcements
lordship,lordships
boyfriend,boyfriends
activist,activists
viewer,viewers
textile,textiles
mist,mists
harmony,harmonies
deed,deeds
invention,inventions
commissioner,commissioners
caravan,caravans
bolt,bolts
ending,endings
publishing,publishings
gut,guts
rug,rugs
slip,slips
praise,praises
fine,fines
monument,monuments
garment,garments
realm,realms
reproduction,reproductions
reactor,reactors
pump,pumps
probe,probes
feedback,feedbacks
aspiration,aspirations
suspect,suspects
fare,fares
membrane,membranes
dependence,dependences
bacteria,bacterias
trading,tradings
ambassador,ambassadors
conjunction,conjunctions
cabin,cabins
shaft,shafts
treasure,treasures
attribute,attributes
embassy,embassies
exemption,exemptions
array,arrays
tablet,tablets
erosion,erosions
bull,bulls
warehouse,warehouses
promoter,promoters
vitamin,vitamins
sail,sails
lemon,lemons
foreigner,foreigners
powder,powders
bat,bats
ancestor,ancestors
compliance,compliances
arch,arches
woodland,woodlands
doing,doings
peer,peers
ozone,ozones
brigade,brigades
temptation,temptations
glove,gloves
aggression,aggressions
emergence,emergences
coffin,coffins
wit,wits
trainee,trainees
scrutiny,scrutinies
follower,followers
tariff,tariffs
bee,bees
relaxation,relaxations
negligence,negligences
sunlight,sunlights
knot,knots
temper,tempers
skull,skulls
throne,thrones
sickness,sicknesses
intake,intakes
beast,beasts
rear,rears
morality,moralities
sink,sinks
reminder,reminders
bargain,bargains
bile,biles
bullet,bullets
confrontation,confrontations
illusion,illusions
congregation,congregations
wake,wakes
jewellery,jewelleries
guerrilla,guerrillas
cooperation,cooperations
thread,threads
calcium,calciums
marker,markers
chemist,chemists
mammal,mammals
legacy,legacies
debtor,debtors
testament,testaments
grin,grins
spectacle,spectacles
inheritance,inheritances
sovereignty,sovereignties
enzyme,enzymes
corn,corns
layout,layouts
inclusion,inclusions
booklet,booklets
laser,lasers
fame,fames
bronze,bronzes
metaphor,metaphors
complication,complications
diameter,diameters
shed,sheds
fusion,fusions
printing,printings
onion,onions
sunshine,sunshines
sponsorship,sponsorships
rage,rages
loop,loops
halt,halts
orientation,orientations
likelihood,likelihoods
apology,apologies
exile,exiles
brow,brows
outbreak,outbreaks
timing,timings
headmaster,headmasters
sigh,sighs
joint,joints
gravity,gravities
cylinder,cylinders
curiosity,curiosities
narrative,narratives
accountability,accountabilities
hydrogen,hydrogens
gravel,gravels
willingness,willingnesses
like,likes
usage,usages
planner,planners
jail,jails
fertility,fertilities
documentation,documentations
patent,patents
exit,exits
corps,corps
brochure,brochures
locomotive,locomotives
syndrome,syndromes
confirmation,confirmations
nursing,nursings
mosaic,mosaics
manor,manors
valve,valves
sofa,sofas
jazz,jazzes
patron,patrons
provider,providers
intent,intents
pie,pies
fury,furies
abolition,abolitions
soccer,soccers
corpse,corpses
accusation,accusations
contempt,contempts
murderer,murderers
liberal,liberals
gathering,gatherings
disagreement,disagreements
cleaner,cleaners
scent,scents
civilian,civilians
monk,monks
keyboard,keyboards
hammer,hammers
despair,despairs
controller,controllers
reconstruction,reconstructions
patience,patiences
habitat,habitats
queue,queues
spectator,spectators
outlook,outlooks
pepper,peppers
dot,dots
conspiracy,conspiracies
butterfly,butterflies
sponsor,sponsors
rating,ratings
recorder,recorders
maid,maids
bicycle,bicycles
sick,sicks
sack,sacks
renaissance,renaissances
luxury,luxuries
wardrobe,wardrobes
native,natives
fringe,fringes
adaptation,adaptations
quotation,quotations
hunger,hungers
choir,choirs
glimpse,glimpses
locality,localities
ferry,ferries
balcony,balconies
sailor,sailors
precision,precisions
dancing,dancings
archive,archives
jump,jumps
philosopher,philosophers
revival,revivals
node,nodes
herb,herbs
assertion,assertions
fair,fairs
polymer,polymers
sweat,sweats
survivor,survivors
subscription,subscriptions
repayment,repayments
punch,punches
landowner,landowners
ignorance,ignorances
bride,brides
abbey,abbeys
quarry,quarries
archbishop,archbishops
descent,descents
mistress,mistresses
prosperity,prosperities
formulation,formulations
threshold,thresholds
lobby,lobbies
salvation,salvations
pudding,puddings
propaganda,propagandas
cage,cages
broker,brokers
theology,theologies
analogy,analogies
performer,performers
squadron,squadrons
sentiment,sentiments
making,makings
dominance,dominances
placement,placements
mercy,mercies
mainstream,mainstreams
appraisal,appraisals
torch,torches
preservation,preservations
disclosure,disclosures
lace,laces
inability,inabilities
listener,listeners
hunt,hunts
substitute,substitutes
highway,highways
dragon,dragons
sediment,sediments
parcel,parcels
calorie,calories
flash,flashes
scholarship,scholarships
monitor,monitors
hatred,hatreds
pill,pills
feather,feathers
staircase,staircases
viewpoint,viewpoints
projection,projections
racism,racisms
resentment,resentments
pillow,pillows
courtesy,courtesies
photography,photographies
monkey,monkeys
bankruptcy,bankruptcies
sacrifice,sacrifices
sketch,sketches
presidency,presidencies
cart,carts
catch,catches
immigration,immigrations
clarity,clarities
worm,worms
slot,slots
rifle,rifles
harvest,harvests
academic,academics
impulse,impulses
guardian,guardians
ambiguity,ambiguities
triangle,triangles
pony,ponies
deficiency,deficiencies
decree,decrees
yarn,yarns
renewal,renewals
rebellion,rebellions
flour,flours
ballot,ballots
appetite,appetites
notebook,notebooks
census,censuses
greenhouse,greenhouses
burial,burials
ash,ashes
actress,actresses
cassette,cassettes
privacy,privacies
fridge,fridges
feed,feeds
associate,associates
ruin,ruins
default,defaults
costume,costumes
variant,variants
methodology,methodologies
investigator,investigators
bin,bins
enjoyment,enjoyments
contemporary,contemporaries
texture,textures
donor,donors
bacon,bacons
stool,stools
commentary,commentaries
bass,basses
repetition,repetitions
suburb,suburbs
newcomer,newcomers
romance,romances
daylight,daylights
warrant,warrants
fur,furs
parking,parkings
nuisance,nuisances
bulb,bulbs
balloon,balloons
surveyor,surveyors
biology,biologies
injunction,injunctions
amusement,amusements
vegetation,vegetations
thinking,thinkings
mainframe,mainframes
flock,flocks
academy,academies
shilling,shillings
reluctance,reluctances
velocity,velocities
wartime,wartimes
rib,ribs
gall,galls
prescription,prescriptions
fever,fevers
reservoir,reservoirs
magnitude,magnitudes
cutting,cuttings
bracket,brackets
agony,agonies
recipient,recipients
moor,moors
dairy,dairies
chord,chords
poison,poisons
pillar,pillars
washing,washings
warrior,warriors
supervisor,supervisors
outfit,outfits
dressing,dressings
jungle,jungles
brewery,breweries
adjective,adjectives
monarchy,monarchies
trunk,trunks
herd,herds
deadline,deadlines
tiger,tigers
ego,egos
bitch,bitches
wheat,wheats
snake,snakes
ribbon,ribbons
mainland,mainlands
fisherman,fishermen
nationalism,nationalisms
knitting,knittings
irony,ironies
bomber,bombers
voltage,voltages
toast,toasts
feel,feels
suffering,sufferings
waiter,waiters
ant,ants
bowler,bowlers
drain,drains
wrong,wrongs
galaxy,galaxies
aluminium,aluminiums
receptor,receptors
parade,parades
opposite,opposites
critique,critiques
query,queries
outset,outsets
testing,testings
patrol,patrols
pad,pads
sausage,sausages
criminal,criminals
highlight,highlights
doll,dolls
biography,biographies
vocabulary,vocabularies
accumulation,accumulations
linen,linens
fairy,fairies
ray,rays
pottery,potteries
retreat,retreats
holly,hollies
solidarity,solidarities
theorist,theorists
drill,drills
credibility,credibilities
copyright,copyrights
beard,beards
bang,bangs
prevalence,prevalences
boost,boosts
scrap,scraps
fog,fogs
batch,batches
blast,blasts
brake,brakes
nun,nuns
heap,heaps
rhetoric,rhetorics
liaison,liaisons
jockey,jockeys
concrete,concretes
compact,compacts
nationality,nationalities
cast,casts
altar,altars
refuge,refuges
retailer,retailers
admiration,admirations
coincidence,coincidences
passport,passports
depot,depots
secretion,secretions
dirt,dirts
mug,mugs
convenience,conveniences
calm,calms
consistency,consistencies
umbrella,umbrellas
hemisphere,hemispheres
extreme,extremes
brandy,brandies
belly,bellies
attachment,attachments
wash,washes
treat,treats
pine,pines
communism,communisms
frog,frogs
innocence,innocences
housewife,housewives
counsel,counsels
cord,cords
reasoning,reasonings
litre,litres
courtyard,courtyards
arena,arenas
simplicity,simplicities
inhibition,inhibitions
immigrant,immigrants
bet,bets
revenge,revenges
helmet,helmets
disruption,disruptions
attainment,attainments
lunchtime,lunchtimes
cult,cults
chat,chats
accord,accords
offering,offerings
broadcast,broadcasts
manipulation,manipulations
inquest,inquests
decrease,decreases
cellar,cellars
counsellor,counsellors
avenue,avenues
labourer,labourers
lab,labs
socket,sockets
thrust,thrusts
scenario,scenarios
recreation,recreations
spy,spies
clearance,clearances
blessing,blessings
embryo,embryos
mutation,mutations
burst,bursts
elder,elders
rehearsal,rehearsals
hurry,hurries
absorption,absorptions
ion,ions
heroin,heroins
vector,vectors
robbery,robberies
chalk,chalks
villager,villagers
morale,morales
climb,climbs
jam,jams
literacy,literacies
freight,freights
clearing,clearings
aviation,aviations
legislature,legislatures
banana,bananas
monastery,monasteries
kettle,kettles
distortion,distortions
monarch,monarchs
acquaintance,acquaintances
deprivation,deprivations
attacker,attackers
screening,screenings
hostage,hostages
gown,gowns
chimney,chimneys
plasma,plasmas
spray,sprays
referral,referrals
fluctuation,fluctuations
unrest,unrests
plaster,plasters
grouping,groupings
gospel,gospels
distributor,distributors
differentiation,differentiations
witch,witches
jar,jars
advocate,advocates
footstep,footsteps
drift,drifts
spider,spiders
hectare,hectares
colonel,colonels
swimming,swimmings
realism,realisms
insider,insiders
hobby,hobbies
computing,computings
infrastructure,infrastructures
burn,burns
cereal,cereals
fold,folds
boxing,boxings
hire,hires
amateur,amateurs
electorate,electorates
manufacturing,manufacturings
split,splits
domination,dominations
precedent,precedents
trench,trenches
therapist,therapists
warranty,warranties
spoon,spoons
precaution,precautions
kite,kites
instant,instants
gig,gigs
fountain,fountains
gloom,glooms
bite,bites
noun,nouns
nomination,nominations
armchair,armchairs
violation,violations
rocket,rockets
climber,climbers
sodium,sodiums
gossip,gossips
bundle,bundles
bend,bends
recruit,recruits
hen,hens
dependency,dependencies
overview,overviews
trolley,trolleys
rotation,rotations
denial,denials
boiler,boilers
amp,amps
shout,shouts
make,makes
hunter,hunters
guess,guesses
syllable,syllables
mould,moulds
limestone,limestones
beneficiary,beneficiaries
veteran,veterans
manifestation,manifestations
vicar,vicars
textbook,textbooks
novelist,novelists
guild,guilds
ulcer,ulcers
slab,slabs
detector,detectors
detection,detections
spelling,spellings
lender,lenders
glow,glows
voucher,vouchers
honey,honeys
scream,screams
postcard,postcards
reverse,reverses
odour,odours
residue,residues
procession,processions
pioneer,pioneers
intercourse,intercourses
nitrogen,nitrogens
citizenship,citizenships
pedestrian,pedestrians
detention,detentions
wagon,wagons
microphone,microphones
fixture,fixtures
weed,weeds
programming,programmings
carrot,carrots
bulletin,bulletins
wording,wordings
urgency,urgencies
skeleton,skeletons
motorist,motorists
whip,whips
shrub,shrubs
porter,porters
banner,banners
velvet,velvets
omission,omissions
gallon,gallons
superintendent,superintendents
continuation,continuations
reliance,reliances
orbit,orbits
compartment,compartments
privatization,privatizations
blame,blames
basement,basements
mushroom,mushrooms
instructor,instructors
fork,forks
want,wants
disposition,dispositions
cemetery,cemeteries
nephew,nephews
ivory,ivories
hospitality,hospitalities
tract,tracts
proprietor,proprietors
affinity,affinities
talking,talkings
royalty,royalties
neglect,neglects
regret,regrets
franchise,franchises
dentist,dentists
contrary,contraries
profitability,profitabilities
enthusiast,enthusiasts
pier,piers
dome,domes
bubble,bubbles
treasurer,treasurers
stocking,stockings
sanctuary,sanctuaries
arc,arcs
quest,quests
mole,moles
marathon,marathons
feast,feasts
hardship,hardships
entitlement,entitlements
circular,circulars
strap,straps
majesty,majesties
pigeon,pigeons
goalkeeper,goalkeepers
walker,walkers
virgin,virgins
prestige,prestiges
preoccupation,preoccupations
craftsman,craftsmen
anticipation,anticipations
knock,knocks
confession,confessions
turkey,turkeys
toll,tolls
transcription,transcriptions
sulphur,sulphurs
particular,particulars
conductor,conductors
trait,traits
meadow,meadows
creed,creeds
optimism,optimisms
twist,twists
sweet,sweets
excavation,excavations
destiny,destinies
pasture,pastures
voyage,voyages
siege,sieges
jewel,jewels
hay,hays
demonstrator,demonstrators
correction,corrections
civilization,civilizations
retention,retentions
rehabilitation,rehabilitations
diplomat,diplomats
deviation,deviations
workplace,workplaces
kidney,kidneys
insistence,insistences
whisper,whispers
multimedia,multimedias
forestry,forestries
decay,decays
screw,screws
pest,pests
homework,homeworks
grasp,grasps
facade,facades
cushion,cushions
urge,urges
solvent,solvents
slogan,slogans
fuss,fusses
rack,racks
short,shorts
ram,rams
contraction,contractions
ham,hams
athlete,athletes
physician,physicians
crossing,crossings
bail,bails
midfield,midfields
drainage,drainages
cruelty,cruelties
symmetry,symmetries
marsh,marshes
litigation,litigations
curl,curls
urine,urines
greeting,greetings
chase,chases
spouse,spouses
produce,produces
salon,salons
stimulation,stimulations
original,originals
garlic,garlics
suitcase,suitcases
skipper,skippers
manpower,manpowers
reformer,reformers
quantum,quanta
